State,Accident,Correlation
CA,825,0.38716339596974647
TX,379,0.38936632725972137
FL,356,0.40221999119199264
