TimeZone,Temperature(F)_mean,Temperature(F)_std,Humidity(%)_mean,Humidity(%)_std,Pressure(in)_mean,Pressure(in)_std,Visibility(mi)_mean,Visibility(mi)_std
US/Central,87.19953972892588,7.868193422517056,49.16326005582558,12.533460527985383,30.148477666362812,0.38423561157616337,6.29535095715588,1.834957161009104
US/Eastern,86.91548630783758,8.340925052236157,51.62889518413598,12.764431413603175,30.279740321057606,0.4716514154671129,5.737960339943343,1.9747542182074418
US/Mountain,87.15734313694053,8.442880936808223,51.68978102189781,12.70813984290743,35.37400292893443,0.745812449941107,5.375912408759124,1.9141664105413423
US/Pacific,87.7815141684589,8.20506974811784,46.91063431441159,12.530119709419264,31.652215319929578,0.470343117180531,6.24282982791587,1.7135321877845069
